﻿[
  {
    "outputFile": "HTMLUI/css/MainStyles.css",
    "inputFile": "HTMLUI/css/MainStyles.less"
  },
  {
    "outputFile": "HTMLUI/js/lib/Window.es5.js",
    "inputFile": "HTMLUI/js/lib/Window.js"
  },
  {
    "outputFile": "HTMLUI/js/lib/MemoryEditorWindow.es5.js",
    "inputFile": "HTMLUI/js/lib/MemoryEditorWindow.js"
  },
  {
    "outputFile": "HTMLUI/js/lib/HexEditor.es5.js",
    "inputFile": "HTMLUI/js/lib/HexEditor.js"
  },
  {
    "outputFile": "HTMLUI/js/lib/PyWindow.es5.js",
    "inputFile": "HTMLUI/js/lib/PyWindow.js"
  }
]